Rk,School,From,To,Yrs,G,W,L,W-L%,SRS,SOS,AP,CREG,CTRN,NCAA,FF,NC
1,Abilene Christian Wildcats,1971,2015,5,137,59,78,.431,-18.19,-5.02,0,0,0,0,0,0
2,Air Force Falcons,1958,2015,57,1542,677,865,.439,-1.93,2.19,0,1,0,4,0,0
3,Akron Zips,1902,2015,64,1424,833,591,.585,-0.61,-1.58,0,8,4,4,0,0
4,Alabama A&M Bulldogs,2000,2015,16,458,203,255,.443,-15.88,-11.87,0,1,1,1,0,0
5,Alabama Crimson Tide,1913,2015,102,2585,1601,983,.620,11.53,7.02,15,10,7,20,0,0
6,Alabama State Hornets,1983,2015,33,971,490,481,.505,-12.39,-10.23,0,4,4,4,0,0
7,Alabama-Birmingham Blazers,1980,2015,36,1149,714,435,.621,7.04,3.21,2,6,4,14,0,0
8,Albany (NY) Great Danes,2000,2015,16,492,232,260,.472,-7.77,-6.12,0,1,3,4,0,0
9,Alcorn State Braves,1978,2015,38,1120,483,637,.431,-13.97,-8.88,0,10,6,6,0,0
10,Allegheny Gators,1896,1916,21,234,191,41,.823,,,0,0,0,,,
11,Alliant International Gulls,1982,1991,10,279,69,210,.247,-18.06,-5.34,0,0,0,0,0,0
12,American Eagles,1967,2015,49,1382,698,684,.505,-4.69,-3.39,0,7,3,3,0,0
13,Amherst Lord Jeffs,1901,1902,2,12,12,0,1.000,,,0,0,0,,,
14,Appalachian State Mountaineers,1974,2015,42,1226,613,613,.500,-5.62,-3.58,0,10,2,2,0,0
15,Arizona State Sun Devils,1912,2015,100,2406,1274,1132,.530,7.95,6.70,7,8,0,14,0,0
16,Arizona Wildcats,1905,2015,108,2577,1680,896,.652,16.19,8.24,23,21,4,31,4,1
17,Arkansas Razorbacks,1924,2015,92,2501,1602,899,.641,12.62,5.73,15,26,7,29,6,1
18,Arkansas State Red Wolves,1971,2015,45,1293,672,621,.520,-2.19,-2.15,0,7,1,1,0,0
19,Arkansas-Little Rock Trojans,1979,2015,37,1099,614,485,.559,-2.94,-3.53,0,11,4,4,0,0
20,Arkansas-Pine Bluff Golden Lions,1999,2015,17,505,153,352,.303,-19.80,-8.68,0,0,1,1,0,0
Rk,School,From,To,Yrs,G,W,L,W-L%,SRS,SOS,AP,CREG,CTRN,NCAA,FF,NC
21,Armstrong Pirates,1987,1987,1,28,6,22,.214,-21.60,-4.78,0,0,0,0,0,0
22,Army Black Knights,1903,2015,113,2359,1177,1182,.499,-13.40,-5.86,0,0,0,0,0,0
23,Auburn Tigers,1906,2015,109,2427,1276,1150,.526,7.57,6.59,5,3,1,8,0,0
24,Augusta State Jaguars,1985,1991,7,197,64,133,.325,-17.30,-8.00,0,0,0,0,0,0
25,Augustana (IL) Vikings,1902,1917,12,116,81,35,.698,,,0,0,0,,,
26,Austin Peay Governors,1964,2015,52,1474,733,741,.497,-5.17,-3.29,1,8,4,6,0,0
27,Baker University Wildcats,1903,1908,6,90,62,28,.689,,,0,0,0,,,
28,Baldwin-Wallace Yellow Jackets,1948,1953,6,139,82,57,.590,,,0,0,0,0,0,0
29,Ball State Cardinals,1972,2015,44,1278,673,605,.527,0.15,-0.29,1,9,7,7,0,0
30,Baltimore Super Bees,1979,1983,5,133,46,87,.346,-11.98,-6.71,0,0,0,0,0,0
31,Baylor Bears,1907,2015,109,2584,1262,1322,.488,3.91,4.37,3,5,0,8,2,0
32,Belmont Bruins,2000,2015,16,506,321,185,.634,0.05,-3.62,0,8,6,6,0,0
33,Beloit Buccaneers,1911,1924,8,95,66,28,.702,,,0,0,0,,,
34,Bethune-Cookman Wildcats,1981,2015,35,1028,361,667,.351,-17.08,-9.92,0,1,0,0,0,0
35,Binghamton Bearcats,2002,2015,14,419,154,265,.368,-10.53,-5.46,0,1,1,1,0,0
36,Birmingham-Southern Panthers,1920,2006,5,105,65,40,.619,-5.44,-8.71,0,1,0,0,0,0
37,Bloomsburg Huskies,1896,1911,15,143,88,55,.615,,,0,0,0,,,
38,Boise State Broncos,1972,2015,44,1281,706,575,.551,0.89,-0.41,0,5,5,6,0,0
39,Boston College Eagles,1946,2015,70,1952,1094,858,.560,8.34,6.50,8,8,2,18,0,0
40,Boston University Terriers,1916,2015,89,2001,1025,976,.512,-3.27,-4.56,0,8,6,7,0,0
Rk,School,From,To,Yrs,G,W,L,W-L%,SRS,SOS,AP,CREG,CTRN,NCAA,FF,NC
41,Bowling Green State Falcons,1916,2015,100,2438,1319,1119,.541,-0.31,-0.14,2,9,0,4,0,0
42,Bradley Braves,1903,2015,111,2738,1611,1127,.588,3.42,2.49,12,8,2,8,2,0
43,Brigham Young College,1908,1908,1,11,10,1,.909,,,0,0,0,,,
44,Brigham Young Cougars,1903,2015,113,2785,1738,1047,.624,9.31,4.34,10,25,3,28,0,0
45,Brooklyn Bulldogs,1934,1992,25,567,233,334,.411,-19.22,-9.63,0,0,0,0,0,0
46,Brown Bears,1901,2015,109,2457,993,1464,.404,-10.26,-5.12,0,1,0,2,0,0
47,Bryant Bulldogs,2011,2015,5,154,64,90,.416,-8.63,-4.32,0,0,0,0,0,0
48,Bucknell Bison,1896,2015,120,2543,1360,1183,.535,-4.63,-6.25,0,12,6,6,0,0
49,Buffalo Bulls,1907,2015,46,1063,515,548,.484,-5.07,-2.43,0,2,0,0,0,0
50,Butler Bulldogs,1897,2015,117,2604,1512,1092,.581,3.81,1.41,5,13,7,12,2,0
51,Cal Poly Mustangs,1995,2015,21,613,260,353,.424,-5.98,-1.72,0,1,1,1,0,0
52,Cal State Bakersfield Roadrunners,2011,2015,5,152,65,87,.428,-7.32,-3.60,0,0,0,0,0,0
53,Cal State Fullerton Titans,1975,2015,41,1185,561,624,.473,-1.92,-0.03,0,2,2,2,0,0
54,Cal State Los Angeles Golden Eagles,1971,1975,5,130,70,60,.538,,,0,0,0,1,0,0
55,Cal State Northridge Matadors,1991,2015,25,740,329,411,.445,-4.71,-1.70,0,3,2,2,0,0
56,California Golden Bears,1908,2015,106,2671,1561,1110,.584,8.79,6.87,4,14,0,18,3,1
57,California-Davis Aggies,2008,2015,8,247,98,149,.397,-7.34,-2.60,0,0,0,0,0,0
58,California-Irvine Anteaters,1978,2015,38,1119,525,594,.469,-1.64,0.47,0,3,0,0,0,0
59,California-Riverside Highlanders,2002,2015,14,408,140,268,.343,-8.59,-1.66,0,0,0,0,0,0
60,California-Santa Barbara Gauchos,1964,2015,52,1460,769,691,.527,0.78,0.59,0,4,3,5,0,0
Rk,School,From,To,Yrs,G,W,L,W-L%,SRS,SOS,AP,CREG,CTRN,NCAA,FF,NC
61,Campbell Fighting Camels,1978,2015,38,1079,434,645,.402,-13.21,-7.19,0,1,1,1,0,0
62,Canisius Golden Griffins,1904,2015,111,2438,1237,1201,.507,-5.02,-3.43,1,7,1,4,0,0
63,Carleton College Knights,1910,1934,25,360,280,80,.778,,,0,0,0,,,
64,Carnegie Mellon Tartans,1933,1939,7,87,40,47,.460,,,0,2,0,0,0,0
65,Case Western Reserve Spartans,1898,1955,13,245,95,150,.388,,,0,0,0,0,0,0
66,Catholic Cardinals,1913,1981,13,248,122,126,.492,-20.94,-6.16,0,0,0,1,0,0
67,Centenary (LA) Gents,1960,2011,52,1435,637,798,.444,-10.54,-4.46,1,2,1,0,0,0
68,Central Arkansas Bears,2011,2015,5,146,36,110,.247,-17.20,-5.49,0,0,0,0,0,0
69,Central Connecticut State Blue Devils,1987,2015,29,840,356,484,.424,-11.94,-7.72,0,3,3,3,0,0
70,Central Florida Knights,1985,2015,31,917,448,469,.489,-5.72,-3.66,0,1,4,4,0,0
71,Central Michigan Chippewas,1974,2015,42,1185,509,676,.430,-4.92,-0.27,0,6,2,4,0,0
72,Central Missouri Mules,1913,1937,10,178,140,38,.787,,,0,0,0,,,
73,Central Normal College,1931,1931,1,19,19,0,1.000,,,0,0,0,,,
74,Central Pennsylvania College Knights,1896,1900,4,6,2,4,.333,,,0,0,0,,,
75,Centre (KY) Colonels,1910,1919,3,45,41,4,.911,,,0,0,0,,,
76,Charleston Southern Buccaneers,1975,2015,41,1164,482,682,.414,-11.71,-7.55,0,3,4,1,0,0
77,Charlotte 49ers,1973,2015,43,1278,726,552,.568,4.29,3.48,2,6,5,11,1,0
78,Chattanooga Mocs,1978,2015,38,1161,705,456,.607,-2.14,-3.68,1,18,10,10,0,0
79,Cheyenne Business College,1903,1903,1,1,1,0,1.000,,,0,0,0,,,
80,Chicago Maroons,1896,1946,46,862,419,443,.486,,,0,6,0,0,0,0
Rk,School,From,To,Yrs,G,W,L,W-L%,SRS,SOS,AP,CREG,CTRN,NCAA,FF,NC
81,Chicago State Cougars,1985,2015,31,894,253,641,.283,-14.40,-2.51,0,1,1,0,0,0
82,Cincinnati Bearcats,1902,2015,114,2674,1694,980,.634,11.61,6.22,22,23,10,28,6,2
83,Citadel Bulldogs,1913,2015,103,2235,952,1283,.426,-10.90,-4.26,0,0,0,0,0,0
84,City College of New York Beavers,1906,1953,48,725,517,208,.713,,,0,1,0,2,2,1
85,Clemson Tigers,1912,2015,104,2503,1252,1249,.501,10.50,6.97,5,1,1,11,0,0
86,Cleveland State Vikings,1973,2015,43,1247,640,607,.513,-1.35,-1.26,0,4,2,2,0,0
87,Coastal Carolina Chanticleers,1987,2015,29,852,432,420,.507,-9.17,-6.99,0,7,4,3,0,0
88,Colgate Raiders,1901,2015,115,2552,1214,1338,.476,-11.28,-6.04,0,3,2,2,0,0
89,College of Charleston Cougars,1992,2015,24,744,517,227,.695,0.90,-4.70,2,12,3,4,0,0
90,College of New Jersey Lions,1900,1900,1,5,3,2,.600,,,0,0,0,,,
91,Colorado Buffaloes,1902,2015,112,2390,1235,1155,.517,5.70,7.06,5,19,1,13,2,0
92,Colorado College Tigers,1915,1937,23,376,233,143,.620,,,0,7,0,,,
93,Colorado School of Mines Orediggers,1908,1937,28,282,80,202,.284,,,0,2,0,,,
94,Colorado State Rams,1902,2015,111,2401,1200,1201,.500,3.38,3.37,0,6,1,10,0,0
95,Columbia Lions,1901,2015,115,2501,1248,1253,.499,-10.07,-5.64,2,13,0,3,0,0
96,Concordia Seminary Preachers,1907,1923,2,16,14,2,.875,,,0,0,0,,,
97,Connecticut Huskies,1901,2015,109,2474,1582,892,.639,13.60,6.45,16,27,7,31,5,4
98,Coppin State Eagles,1986,2015,30,904,447,457,.494,-9.59,-8.37,0,10,4,4,0,0
99,Cornell Big Red,1899,2015,117,2587,1217,1370,.470,-8.44,-5.02,0,8,0,5,0,0
100,Cotner University,1910,1911,2,27,24,3,.889,,,0,0,0,,,
Rk,School,From,To,Yrs,G,W,L,W-L%,SRS,SOS,AP,CREG,CTRN,NCAA,FF,NC
101,Creighton Bluejays,1912,2015,95,2443,1476,967,.604,5.37,3.28,4,15,12,19,0,0
102,Cumberland University Bulldogs,1904,1904,1,4,4,0,1.000,,,0,0,0,,,
103,Dakota Wesleyan Tigers,1932,1932,1,20,19,1,.950,,,0,0,0,,,
104,Dartmouth Big Green,1900,2015,115,2719,1272,1445,.468,-11.64,-6.46,0,12,0,7,2,0
105,Davidson Wildcats,1909,2015,106,2544,1378,1166,.542,-1.24,-2.73,6,23,12,12,0,0
106,Dayton Flyers,1904,2015,110,2628,1557,1071,.592,5.14,3.17,7,4,2,15,1,0
107,Delaware Fightin' Blue Hens,1906,2015,74,1760,880,879,.500,-5.23,-4.49,0,4,5,5,0,0
108,Delaware State Hornets,1974,2015,42,1197,501,696,.419,-15.08,-9.94,0,3,1,1,0,0
109,Denison Big Red,1905,1944,24,362,269,93,.743,,,0,0,0,0,0,0
110,Denver Pioneers,1904,2015,92,1953,886,1067,.454,-3.44,-2.24,0,5,0,0,0,0
111,DePaul Blue Demons,1924,2015,92,2361,1419,942,.601,7.77,6.17,12,9,0,22,2,0
112,DePauw Tigers,1916,1932,17,276,182,94,.659,,,0,0,0,,,
113,Detroit Mercy Titans,1910,2015,106,2524,1373,1151,.544,-0.08,0.70,2,2,3,6,0,0
114,Dickinson College Red Devils,1926,1947,2,34,30,4,.882,,,0,0,0,0,0,0
115,Drake Bulldogs,1907,2015,109,2593,1188,1405,.458,-0.23,2.50,5,8,1,4,1,0
116,Drexel Dragons,1895,2015,45,1226,703,523,.573,-2.17,-4.12,0,7,4,4,0,0
117,Duke Blue Devils,1906,2015,110,2907,2055,852,.707,20.84,9.07,43,22,24,38,15,4
118,Duquesne Dukes,1914,2015,99,2395,1340,1055,.559,-0.84,2.26,7,3,1,5,1,0
119,East Carolina Pirates,1967,2015,49,1385,616,769,.445,-4.04,-0.50,0,0,2,2,0,0
120,East Central Tigers,1929,1931,3,74,66,8,.892,,,0,0,0,,,
Rk,School,From,To,Yrs,G,W,L,W-L%,SRS,SOS,AP,CREG,CTRN,NCAA,FF,NC
121,East Tennessee State Buccaneers,1959,2015,57,1603,847,756,.528,-3.80,-3.36,1,9,8,9,0,0
122,Eastern Illinois Panthers,1982,2015,34,991,458,533,.462,-7.28,-4.25,0,0,3,2,0,0
123,Eastern Kentucky Colonels,1948,2015,65,1726,853,873,.494,-6.65,-4.05,0,7,5,8,0,0
124,Eastern Michigan Eagles,1933,2015,43,1253,588,665,.469,-2.36,-0.33,0,5,4,4,0,0
125,Eastern Washington Eagles,1984,2015,32,911,370,541,.406,-6.76,-2.02,0,2,1,1,0,0
126,Elon Phoenix,2000,2015,16,489,206,283,.421,-9.38,-4.32,0,2,0,0,0,0
127,Emporia State Hornets,1934,1934,1,18,17,1,.944,,,0,0,0,,,
128,Evansville Purple Aces,1925,2015,42,1169,633,536,.541,1.85,1.04,0,6,4,5,0,0
129,Fairfield Stags,1965,2015,51,1445,706,739,.489,-4.78,-2.61,0,3,3,3,0,0
130,Fairleigh Dickinson Knights,1968,2015,48,1335,643,692,.482,-9.29,-7.04,0,5,4,4,0,0
131,Florida A&M Rattlers,1980,2015,36,1061,418,643,.394,-15.59,-9.05,0,0,4,3,0,0
132,Florida Atlantic Owls,1994,2015,22,645,233,412,.361,-9.95,-3.78,0,1,1,1,0,0
133,Florida Gators,1921,2015,94,2404,1342,1061,.558,13.30,7.83,13,9,4,19,5,2
134,Florida Gulf Coast Eagles,2011,2015,5,166,95,71,.572,-2.56,-3.46,0,1,1,1,0,0
135,Florida International Panthers,1988,2015,28,822,325,497,.395,-8.70,-3.41,0,1,1,1,0,0
136,Florida State Seminoles,1957,2015,59,1719,1004,715,.584,9.67,7.41,8,2,2,14,1,0
137,Fordham Rams,1903,2015,111,2777,1467,1310,.528,-3.57,0.20,1,4,4,4,0,0
138,Franklin Grizzlies,1907,1925,18,221,144,77,.652,,,0,0,0,,,
139,Fresno State Bulldogs,1956,2015,48,1436,797,639,.555,4.25,2.61,1,6,4,5,0,0
140,Furman Paladins,1920,2015,94,2354,1152,1202,.489,-7.14,-3.79,0,5,6,6,0,0
Rk,School,From,To,Yrs,G,W,L,W-L%,SRS,SOS,AP,CREG,CTRN,NCAA,FF,NC
141,Gardner-Webb Runnin' Bulldogs,2003,2015,13,403,177,226,.439,-9.04,-4.70,0,1,0,0,0,0
142,Geneva Golden Tornadoes,1893,1943,10,125,80,45,.640,,,0,0,0,0,0,0
143,George Mason Patriots,1979,2015,37,1105,599,506,.542,-1.04,-1.69,0,4,4,6,1,0
144,George Washington Colonials,1913,2015,98,2357,1275,1082,.541,3.22,2.27,3,7,5,11,0,0
145,Georgetown Hoyas,1907,2015,107,2593,1607,986,.620,14.39,7.36,19,11,7,29,5,1
146,Georgia Bulldogs,1906,2015,110,2600,1354,1246,.521,10.45,7.76,5,3,3,11,1,0
147,Georgia Southern Eagles,1972,2015,44,1267,639,628,.504,-7.12,-5.26,0,7,3,3,0,0
148,Georgia State Panthers,1974,2015,42,1211,506,705,.418,-7.34,-4.22,0,5,2,2,0,0
149,Georgia Tech Yellow Jackets,1920,2015,96,2458,1297,1161,.528,10.56,8.86,8,3,4,16,2,0
150,Gettysburg Bullets,1901,1973,41,724,385,339,.532,,,0,0,0,0,0,0
151,Gonzaga Bulldogs,1944,2015,64,1852,1172,680,.633,7.82,1.26,8,19,13,17,0,0
152,Grambling Tigers,1978,2015,38,1067,387,680,.363,-18.09,-9.41,0,2,0,0,0,0
153,Grand Canyon Antelopes,2014,2015,2,61,32,29,.525,-6.37,-4.41,0,0,0,0,0,0
154,Green Bay Phoenix,1982,2015,34,1019,564,455,.553,-0.04,-1.00,0,4,3,4,0,0
155,Grinnell Pioneers,1901,1939,38,550,280,270,.509,,,0,0,0,0,0,0
156,Grove City Wolverines,1899,1925,27,383,257,126,.671,,,0,0,0,,,
157,Hamline Pipers,1945,1948,4,102,82,20,.804,,,0,0,0,0,0,0
158,Hampton Pirates,1996,2015,20,605,316,289,.522,-8.93,-9.14,0,2,4,4,0,0
159,Hardin-Simmons Cowboys,1923,1990,45,1149,481,668,.419,-11.53,-4.81,0,1,0,2,0,0
160,Hartford Hawks,1985,2015,31,907,380,527,.419,-8.94,-5.38,0,0,0,0,0,0
Rk,School,From,To,Yrs,G,W,L,W-L%,SRS,SOS,AP,CREG,CTRN,NCAA,FF,NC
161,Harvard Crimson,1901,2015,104,2360,1083,1277,.459,-7.80,-5.76,0,4,0,4,0,0
162,Haskell Indian Nations Institute Fighting Indians,1903,1908,2,39,27,12,.692,,,0,0,0,,,
163,Hawaii Warriors,1971,2015,45,1311,679,632,.518,2.54,2.58,1,2,3,4,0,0
164,High Point Panthers,2000,2015,16,481,228,253,.474,-9.78,-6.51,0,2,0,0,0,0
165,Hiram Terriers,1894,1904,8,59,45,14,.763,,,0,0,0,,,
166,Hofstra Pride,1943,2015,50,1430,716,714,.501,-5.30,-4.47,0,6,5,4,0,0
167,Holy Cross Crusaders,1901,2015,95,2275,1354,921,.595,-4.40,-5.06,6,7,6,12,2,1
168,Hope Flying Dutchmen,1908,1913,5,65,44,21,.677,,,0,0,0,,,
169,Houston Baptist Huskies,1974,2015,21,594,251,343,.423,-9.27,-6.24,0,2,1,1,0,0
170,Houston Cougars,1951,2015,65,1901,1120,781,.589,4.41,3.16,7,5,6,19,5,0
171,Howard Bison,1974,2015,42,1183,467,716,.395,-15.11,-9.52,0,4,3,2,0,0
172,Idaho State Bengals,1959,2015,57,1565,699,866,.447,-7.15,-1.98,0,4,2,5,0,0
173,Idaho Vandals,1906,2015,110,2716,1277,1437,.471,-2.32,-0.80,1,7,4,4,0,0
174,Illinois Fighting Illini,1906,2015,110,2666,1727,939,.648,15.87,8.76,26,17,2,30,5,0
175,Illinois State Redbirds,1899,2015,56,1407,847,560,.602,4.05,2.20,0,5,4,6,0,0
176,Illinois Wesleyan Titans,1928,1928,1,14,13,1,.929,,,0,0,0,,,
177,Illinois-Chicago Flames,1982,2015,34,1021,496,525,.486,-2.34,-0.89,0,2,2,3,0,0
178,Incarnate Word Cardinals,2014,2015,2,55,39,16,.709,-6.92,-8.54,0,0,0,0,0,0
179,Indiana Hoosiers,1901,2015,115,2748,1752,996,.638,15.92,9.44,27,21,0,37,8,5
180,Indiana State Sycamores,1900,2015,93,2044,1062,982,.520,-0.80,2.42,1,2,3,4,1,0
Rk,School,From,To,Yrs,G,W,L,W-L%,SRS,SOS,AP,CREG,CTRN,NCAA,FF,NC
181,Iona Gaels,1954,2015,62,1684,942,742,.559,-0.58,-2.48,1,9,7,10,0,0
182,Iowa Hawkeyes,1893,2015,118,2689,1574,1114,.586,13.42,8.13,17,8,2,23,3,0
183,Iowa State Cyclones,1908,2015,108,2557,1288,1269,.504,9.39,7.23,6,6,3,16,1,0
184,IPFW Mastodons,2003,2015,13,394,168,226,.426,-7.40,-2.16,0,0,0,0,0,0
185,IUPUI Jaguars,1999,2015,17,527,257,270,.488,-4.31,-2.60,0,1,1,1,0,0
186,Jackson State Tigers,1978,2015,38,1131,535,596,.473,-11.12,-8.56,0,7,4,3,0,0
187,Jacksonville Dolphins,1967,2015,49,1400,690,710,.493,-4.98,-1.92,2,3,2,5,1,0
188,Jacksonville State Gamecocks,1996,2015,20,577,233,344,.404,-10.70,-6.79,0,0,0,0,0,0
189,James Madison Dukes,1977,2015,39,1156,601,555,.520,-1.94,-1.83,0,6,3,5,0,0
190,John Carroll Blue Streaks,1948,1955,8,191,80,111,.419,,,0,0,0,0,0,0
191,Kalamazoo Hornets,1908,1923,16,193,134,59,.694,,,0,0,0,,,
192,Kansas Jayhawks,1899,2015,117,2979,2150,829,.722,19.30,8.60,39,57,13,43,14,3
193,Kansas State Wildcats,1906,2015,110,2672,1569,1103,.587,9.78,7.44,15,18,2,28,4,0
194,Kennesaw State Owls,2010,2015,6,188,43,145,.229,-14.59,-3.48,0,0,0,0,0,0
195,Kent State Golden Flashes,1914,2015,96,2264,1102,1162,.487,1.34,0.02,0,8,5,5,0,0
196,Kentucky Wesleyan Panthers,1957,1958,2,52,30,22,.577,,,0,0,0,0,0,0
197,Kentucky Wildcats,1903,2015,112,2847,2173,673,.764,19.03,9.07,47,52,29,54,16,8
198,La Salle Explorers,1932,2015,84,2239,1325,914,.592,1.96,1.19,6,9,8,12,2,1
199,Lafayette Leopards,1901,2015,105,2481,1298,1183,.523,-8.55,-5.92,0,17,2,3,0,0
200,Lake Forest Foresters,1905,1916,12,144,89,55,.618,,,0,0,0,,,
Rk,School,From,To,Yrs,G,W,L,W-L%,SRS,SOS,AP,CREG,CTRN,NCAA,FF,NC
201,Lamar Cardinals,1970,2015,46,1324,676,648,.511,-3.40,-3.05,0,9,4,6,0,0
202,Latter Day Saints University,1903,1903,1,16,15,1,.938,,,0,0,0,,,
203,Lawrence Vikings,1948,1948,1,28,22,6,.786,,,0,0,0,0,0,0
204,Lehigh Mountain Hawks,1902,2015,114,2396,1034,1362,.432,-9.74,-6.72,0,4,5,5,0,0
205,Lewis University Flyers,1905,1905,1,25,20,5,.800,,,0,0,0,,,
206,Liberty Flames,1989,2015,27,815,368,447,.452,-11.23,-7.22,0,2,3,3,0,0
207,Lipscomb Bisons,2004,2015,12,363,182,181,.501,-6.68,-4.75,0,2,0,0,0,0
208,Long Beach State 49ers,1970,2015,46,1358,750,608,.552,-0.34,1.43,5,14,5,9,0,0
209,Long Island University Blackbirds,1929,2015,70,1857,1042,813,.562,-11.03,-7.40,1,9,5,6,0,0
210,Longwood Lancers,2008,2015,8,254,87,167,.343,-16.84,-5.10,0,0,0,0,0,0
211,Louisiana State Fighting Tigers,1909,2015,107,2614,1487,1127,.569,10.18,6.90,12,11,1,20,4,0
212,Louisiana Tech Bulldogs,1974,2015,42,1243,709,534,.570,0.87,-0.73,1,9,6,5,0,0
213,Louisiana-Lafayette Ragin' Cajuns,1972,2015,44,1253,722,531,.576,0.54,-0.78,2,9,7,10,0,0
214,Louisiana-Monroe Warhawks,1974,2015,42,1216,645,571,.530,-5.54,-4.27,0,10,8,7,0,0
215,Louisville Cardinals,1912,2015,101,2634,1752,882,.665,15.44,7.85,31,23,17,40,10,3
216,Loyola (IL) Ramblers,1921,2015,94,2345,1233,1112,.526,-1.91,0.35,5,6,1,5,1,1
217,Loyola (LA) Wolfpack,1952,1972,20,499,237,262,.475,,,0,0,0,2,0,0
218,Loyola (MD) Greyhounds,1908,2015,71,1611,748,863,.464,-8.95,-4.68,0,0,2,2,0,0
219,Loyola Marymount Lions,1943,2015,68,1862,805,1057,.432,-3.39,1.17,2,3,2,5,0,0
220,Macalester Scots,1896,1899,4,21,8,13,.381,,,0,0,0,,,
Rk,School,From,To,Yrs,G,W,L,W-L%,SRS,SOS,AP,CREG,CTRN,NCAA,FF,NC
221,Maine Black Bears,1904,2015,71,1674,773,901,.462,-8.76,-5.72,0,0,0,0,0,0
222,Manchester Spartans,1926,1926,1,16,15,1,.938,,,0,0,0,,,
223,Manhattan Jaspers,1905,2015,109,2487,1317,1170,.530,-4.54,-3.38,0,13,4,7,0,0
224,Marietta Pioneers,1908,1920,13,175,109,66,.623,,,0,0,0,,,
225,Marist Red Foxes,1982,2015,34,1001,462,539,.462,-6.83,-5.64,0,5,2,2,0,0
226,Marquette Golden Eagles,1917,2015,98,2505,1549,956,.618,10.41,5.29,22,5,1,31,3,1
227,Marshall Thundering Herd,1919,2015,91,2320,1322,996,.570,-0.51,-1.03,1,6,3,5,0,0
228,Maryland Terrapins,1924,2015,92,2459,1468,991,.597,13.99,8.21,21,6,4,24,2,1
229,Maryland-Baltimore County Retrievers,1987,2015,29,839,314,525,.374,-12.05,-6.78,0,2,1,1,0,0
230,Maryland-Eastern Shore Hawks,1974,2015,36,1023,296,727,.289,-20.24,-9.73,0,1,1,0,0,0
231,Massachusetts Institute of Technology Engineers,1909,1909,1,16,10,6,.625,,,0,0,0,,,
232,Massachusetts Minutemen,1926,2015,56,1601,892,709,.557,3.04,3.16,5,15,5,9,1,0
233,Massachusetts-Lowell River Hawks,1906,2015,3,74,38,36,.514,-12.29,-4.25,0,0,0,0,0,0
234,McNeese State Cowboys,1974,2015,42,1207,595,612,.493,-6.96,-4.19,0,6,2,2,0,0
235,Memphis Tigers,1956,2015,60,1808,1217,591,.673,12.02,5.28,16,19,11,25,3,0
236,Mercer Bears,1974,2015,42,1221,581,640,.476,-8.80,-5.36,0,3,3,3,0,0
237,Merchant Marine Academy Mariners,1946,1947,2,39,13,26,.333,,,0,0,0,0,0,0
238,Miami (FL) Hurricanes,1949,2015,52,1474,836,638,.567,6.67,5.34,5,2,1,7,0,0
239,Miami (OH) RedHawks,1906,2015,110,2452,1323,1129,.540,2.66,1.32,1,18,4,17,0,0
240,Michigan State Spartans,1899,2015,116,2657,1600,1057,.602,14.73,8.88,20,13,4,28,8,2
Rk,School,From,To,Yrs,G,W,L,W-L%,SRS,SOS,AP,CREG,CTRN,NCAA,FF,NC
241,Michigan Wolverines,1918,2015,98,2501,1503,998,.601,13.00,9.11,19,14,1,25,7,1
242,Middle Tennessee Blue Raiders,1959,2015,57,1598,874,724,.547,-2.30,-2.99,0,9,5,7,0,0
243,Millikin Big Blue,1910,1921,12,210,150,60,.714,,,0,0,0,,,
244,Millsaps Majors,1911,1921,11,116,59,57,.509,,,0,0,0,,,
245,Milwaukee Panthers,1974,2015,32,932,466,466,.500,-2.14,-0.76,0,5,4,4,0,0
246,Minnesota A&M Aggies,1896,1903,4,30,27,3,.900,,,0,0,0,,,
247,Minnesota Golden Gophers,1896,2015,120,2738,1583,1153,.579,11.28,8.27,10,9,0,12,1,0
248,Mississippi Rebels,1909,2015,105,2494,1238,1254,.497,7.49,6.64,2,5,2,7,0,0
249,Mississippi State Bulldogs,1909,2015,103,2487,1346,1141,.541,7.80,6.71,11,12,5,10,1,0
250,Mississippi Valley State Delta Devils,1980,2015,36,1048,450,598,.429,-13.06,-9.16,0,7,5,5,0,0
251,Missouri State Bears,1983,2015,33,1034,624,410,.603,4.76,1.30,0,5,3,6,0,0
252,Missouri Tigers,1907,2015,109,2678,1587,1091,.593,12.62,7.42,14,15,8,26,0,0
253,Missouri-Kansas City Kangaroos,1990,2015,26,759,323,436,.426,-6.92,-3.48,0,0,0,0,0,0
254,Monmouth Hawks,1984,2015,32,943,432,511,.458,-8.81,-6.62,0,2,4,4,0,0
255,Montana Grizzlies,1912,2015,100,2498,1346,1152,.539,0.26,-2.39,0,10,9,10,0,0
256,Montana State Bobcats,1902,2015,104,2491,1369,1122,.550,-3.69,-2.70,0,10,2,2,0,0
257,Morehead State Eagles,1956,2015,60,1643,825,818,.502,-7.50,-4.02,0,9,4,7,0,0
258,Morgan State Bears,1985,2015,31,912,332,580,.364,-15.75,-8.86,0,3,2,2,0,0
259,Morris Brown Wolverines,2002,2003,2,57,13,44,.228,-25.82,-6.03,0,0,0,0,0,0
260,Mount St. Mary's Mountaineers,1989,2015,27,792,342,450,.432,-9.23,-6.41,0,1,4,4,0,0
Rk,School,From,To,Yrs,G,W,L,W-L%,SRS,SOS,AP,CREG,CTRN,NCAA,FF,NC
261,Mount Union Purple Raiders,1896,1932,37,493,314,179,.637,,,0,0,0,,,
262,Muhlenburg Mules,1901,1963,56,1064,579,484,.545,,,0,3,0,0,0,0
263,Murray State Racers,1954,2015,62,1755,1108,647,.631,0.93,-3.85,2,24,14,15,0,0
264,Muskingum Fighting Muskies,1905,1927,3,48,44,4,.917,,,0,0,0,,,
265,Navy Midshipmen,1908,2015,108,2332,1328,1004,.569,-6.70,-5.41,1,8,6,11,0,0
266,Nebraska Cornhuskers,1897,2015,119,2746,1446,1300,.527,7.94,6.76,2,7,1,7,0,0
267,Nebraska Wesleyan Prairie Wolves,1906,1917,12,188,134,54,.713,,,0,0,0,,,
268,Nebraska-Omaha Mavericks,2013,2015,3,92,40,52,.435,-7.80,-3.89,0,0,0,0,0,0
269,Nevada Wolf Pack,1913,2015,60,1552,844,708,.544,1.38,1.22,2,9,4,6,0,0
270,Nevada-Las Vegas Rebels,1970,2015,46,1447,1034,413,.715,11.01,4.19,16,14,11,20,4,1
271,New Hampshire Wildcats,1927,2015,63,1594,534,1060,.335,-12.38,-5.50,0,1,0,0,0,0
272,New Mexico Lobos,1900,2015,109,2455,1430,1025,.582,7.79,3.46,11,12,6,15,0,0
273,New Mexico State Aggies,1905,2015,105,2474,1428,1044,.578,4.01,1.41,5,15,8,21,1,0
274,New Orleans Privateers,1976,2015,38,1106,613,493,.554,-1.37,-1.53,2,8,3,4,0,0
275,New York University Violets,1907,1971,65,1184,725,459,.612,,,2,6,0,6,2,0
276,Newberry Wolves,1921,1921,1,4,2,2,.500,,,0,0,0,,,
277,Niagara Purple Eagles,1906,2015,109,2586,1422,1163,.550,-4.95,-3.18,2,10,2,3,0,0
278,Nicholls State Colonels,1981,2015,35,979,387,592,.395,-12.27,-5.95,0,2,2,2,0,0
279,NJIT Highlanders,2010,2015,6,180,87,93,.483,-11.55,-7.82,0,1,0,0,0,0
280,Norfolk State Spartans,1998,2015,18,545,256,289,.470,-11.72,-8.70,0,1,1,1,0,0
Rk,School,From,To,Yrs,G,W,L,W-L%,SRS,SOS,AP,CREG,CTRN,NCAA,FF,NC
281,North Carolina A&T Aggies,1974,2015,42,1222,604,618,.494,-12.10,-9.47,0,11,14,10,0,0
282,North Carolina Central Eagles,2011,2015,5,158,107,51,.677,-3.23,-7.83,0,2,1,1,0,0
283,North Carolina State Wolfpack,1913,2015,103,2667,1659,1008,.622,12.05,8.08,17,13,17,25,3,2
284,North Carolina Tar Heels,1911,2015,105,2901,2136,765,.736,19.98,9.89,46,36,25,45,18,5
285,North Carolina-Asheville Bulldogs,1987,2015,29,856,403,453,.471,-10.39,-5.76,0,5,4,3,0,0
286,North Carolina-Greensboro Spartans,1992,2015,24,715,305,410,.427,-8.02,-4.63,0,4,2,2,0,0
287,North Carolina-Wilmington Seahawks,1977,2015,39,1144,587,557,.513,-2.93,-2.23,0,5,4,4,0,0
288,North Central Cardinals,1911,1922,8,115,78,37,.678,,,0,0,0,,,
289,North Dakota State Bison,1898,2015,36,606,436,170,.719,0.81,-3.26,0,2,2,2,0,0
290,North Dakota UND,1905,2015,22,357,227,130,.636,-9.59,-5.54,0,0,2,0,0,0
291,North Florida Ospreys,2010,2015,6,195,96,99,.492,-5.70,-2.32,0,0,0,0,0,0
292,North Texas Mean Green,1922,2015,60,1629,720,909,.442,-5.69,-1.99,0,3,3,3,0,0
293,Northeastern Huskies,1938,2015,52,1406,728,678,.518,-3.93,-3.92,0,11,7,7,0,0
294,Northeastern Illinois Golden Eagles,1991,1998,8,216,78,138,.361,-14.90,-6.67,0,0,0,0,0,0
295,Northern Arizona Lumberjacks,1919,2015,76,1774,829,945,.467,-5.72,-2.37,0,6,2,2,0,0
296,Northern Colorado Bears,1911,2015,36,603,323,280,.536,-4.11,-4.30,0,3,1,1,0,0
297,Northern Illinois Huskies,1927,2015,49,1354,603,751,.445,-4.20,-1.43,0,3,2,3,0,0
298,Northern Iowa Panthers,1981,2015,35,1050,551,499,.525,0.72,1.33,0,2,4,6,0,0
299,Northern Kentucky Norse,2013,2015,3,87,33,54,.379,-8.24,-4.79,0,0,0,0,0,0
300,Northest Missouri State Bearcats,1930,1932,3,97,89,8,.918,,,0,0,0,,,
Rk,School,From,To,Yrs,G,W,L,W-L%,SRS,SOS,AP,CREG,CTRN,NCAA,FF,NC
301,Northwestern State Demons,1977,2015,39,1123,512,611,.456,-9.13,-5.53,0,3,3,3,0,0
302,Northwestern Wildcats,1905,2015,110,2475,1016,1458,.411,2.95,8.19,0,2,0,0,0,0
303,Notre Dame Fighting Irish,1897,2015,111,2764,1791,972,.648,10.87,6.28,23,5,0,33,1,0
304,Oakland Golden Grizzlies,2000,2015,16,511,271,240,.530,-1.43,-0.89,0,3,3,3,0,0
305,Oberlin Yeomen,1905,1921,7,82,61,21,.744,,,0,0,0,,,
306,Ohio Bobcats,1908,2015,108,2556,1458,1098,.570,1.42,0.14,0,10,6,13,0,0
307,Ohio State Buckeyes,1899,2015,116,2746,1683,1063,.613,13.84,8.38,21,22,5,30,11,1
308,Ohio Wesleyan Battling Bishops,1929,1935,2,40,35,5,.875,,,0,0,0,,,
309,Oklahoma City Chiefs,1951,1985,35,948,530,418,.559,-5.71,0.20,3,0,1,11,0,0
310,Oklahoma Sooners,1908,2015,108,2629,1604,1025,.610,14.64,7.29,17,14,7,28,4,0
311,Oklahoma State Cowboys,1908,2015,106,2702,1595,1107,.590,12.04,7.14,18,19,4,26,6,2
312,Old Dominion Monarchs,1977,2015,39,1208,730,478,.604,3.28,0.44,0,8,6,11,0,0
313,Oral Roberts Golden Eagles,1972,2015,40,1187,691,496,.582,-0.35,-1.36,2,10,5,5,0,0
314,Oregon Ducks,1903,2015,110,2875,1552,1323,.540,7.49,7.16,3,4,3,12,1,1
315,Oregon State Beavers,1902,2015,114,2973,1702,1271,.572,6.27,6.53,8,12,0,16,2,0
316,Pacific Tigers,1938,2015,65,1824,937,887,.514,0.21,0.68,1,10,5,9,0,0
317,Penn State Nittany Lions,1897,2015,119,2526,1404,1121,.556,4.24,4.92,2,2,1,9,1,0
318,Pennsylvania Quakers,1897,2015,114,2775,1718,1056,.619,-1.19,-3.02,6,37,0,23,1,0
319,Pepperdine Waves,1944,2015,61,1736,879,857,.506,1.39,1.34,1,12,3,13,0,0
320,Phillips Haymakers,1920,1920,1,3,2,1,.667,,,0,0,0,,,
Rk,School,From,To,Yrs,G,W,L,W-L%,SRS,SOS,AP,CREG,CTRN,NCAA,FF,NC
321,Pittsburg State Gorillas,1927,1931,5,103,86,17,.835,,,0,0,0,,,
322,Pittsburgh Panthers,1906,2015,108,2654,1556,1098,.586,11.67,6.87,13,11,4,25,1,0
323,Portland Pilots,1954,2015,62,1735,746,989,.430,-3.17,0.90,0,0,1,2,0,0
324,Portland State Vikings,1973,2015,26,739,360,379,.487,-5.91,-3.01,0,2,2,2,0,0
325,Prairie View Panthers,1981,2015,35,999,270,729,.270,-22.07,-8.19,0,1,1,1,0,0
326,Pratt Institute Cannoneers,1934,1934,1,14,8,6,.571,,,0,0,0,,,
327,Presbyterian Blue Hose,2011,2015,5,156,51,105,.327,-13.78,-4.84,0,0,0,0,0,0
328,Princeton Tigers,1901,2015,115,2722,1673,1048,.615,-0.06,-3.97,4,29,0,24,1,0
329,Providence Friars,1929,2015,66,1881,1151,730,.612,8.54,6.74,6,3,2,16,2,0
330,Purdue Boilermakers,1897,2015,117,2695,1711,984,.635,13.79,8.78,18,22,1,26,2,0
331,Quinnipiac Bobcats,1999,2015,17,505,252,253,.499,-8.07,-7.09,0,1,0,0,0,0
332,Radford Highlanders,1985,2015,31,917,469,448,.511,-9.74,-7.53,0,4,2,2,0,0
333,Regis (CO) Rangers,1962,1964,3,66,37,29,.561,,,0,0,0,0,0,0
334,Rensselaer Engineers,1901,1924,4,39,28,11,.718,,,0,0,0,,,
335,Rhode Island Rams,1904,2015,109,2512,1426,1086,.568,2.24,2.44,0,15,1,8,0,0
336,Rice Owls,1915,2015,101,2423,1058,1365,.437,-1.05,2.34,0,10,0,4,0,0
337,Richmond Spiders,1913,2015,103,2448,1308,1140,.534,2.65,0.67,1,6,6,9,0,0
338,Rider Broncs,1929,2015,52,1459,768,691,.526,-6.16,-5.28,0,11,3,3,0,0
339,Ripon Red Hawks,1902,1922,5,59,46,13,.780,,,0,0,0,,,
340,Roanoke Maroons,1912,1919,8,92,67,25,.728,,,0,0,0,,,
Rk,School,From,To,Yrs,G,W,L,W-L%,SRS,SOS,AP,CREG,CTRN,NCAA,FF,NC
341,Robert Morris Colonials,1977,2015,39,1149,570,579,.496,-7.98,-6.77,0,11,7,7,0,0
342,Rochester (NY) Yellowjackets,1910,1944,7,111,74,37,.667,,,0,0,0,0,0,0
343,Rose-Hulman Fightin' Engineers,1898,1898,1,4,2,2,.500,,,0,0,0,,,
344,Rutgers Scarlet Knights,1914,2015,101,2322,1189,1133,.512,3.15,4.63,2,10,2,6,1,0
345,Sacramento State Hornets,1992,2015,24,671,192,479,.286,-13.27,-2.84,0,0,0,0,0,0
346,Sacred Heart Pioneers,2000,2015,16,472,174,298,.369,-11.34,-6.72,0,0,0,0,0,0
347,Saint Francis (PA) Red Flash,1956,2015,60,1614,712,902,.441,-11.65,-6.88,0,1,1,1,0,0
348,Saint Joseph's Hawks,1910,2015,106,2641,1577,1064,.597,5.14,3.13,6,20,5,20,1,0
349,Saint Louis Billikens,1916,2015,99,2520,1368,1152,.543,4.18,3.35,10,7,2,9,0,0
350,Saint Mary's (CA) Gaels,1910,2015,106,2440,1231,1209,.505,1.61,0.90,2,6,3,8,0,0
351,Saint Peter's Peacocks,1966,2015,50,1415,701,714,.495,-4.77,-3.96,0,6,3,3,0,0
352,Sam Houston State Bearkats,1987,2015,29,842,430,412,.511,-7.27,-5.29,0,5,2,2,0,0
353,Samford Bulldogs,1973,2015,43,1225,532,693,.434,-8.46,-5.94,0,3,2,2,0,0
354,San Diego State Aztecs,1971,2015,45,1334,704,630,.528,3.00,3.58,3,6,6,10,0,0
355,San Diego Toreros,1980,2015,36,1050,528,522,.503,-0.08,0.38,0,2,2,4,0,0
356,San Francisco Dons,1924,2015,88,2264,1308,956,.578,0.06,1.18,9,15,1,16,3,2
357,San Jose State Spartans,1938,2015,65,1767,723,1044,.409,-3.22,2.20,0,1,2,2,0,0
358,Santa Clara Broncos,1909,2015,106,2475,1434,1041,.579,1.69,1.48,2,11,2,11,1,0
359,Savage School of Physical Education,1896,1898,2,8,6,2,.750,,,0,0,0,,,
360,Savannah State Tigers,2003,2015,13,388,133,255,.343,-16.68,-4.60,0,1,0,0,0,0
Rk,School,From,To,Yrs,G,W,L,W-L%,SRS,SOS,AP,CREG,CTRN,NCAA,FF,NC
361,Scranton Royals,1948,1948,1,27,7,20,.259,,,0,0,0,0,0,0
362,Seattle Redhawks,1953,2015,33,901,542,359,.602,-5.28,-2.64,5,3,0,11,1,0
363,Seton Hall Pirates,1909,2015,102,2464,1426,1037,.579,7.59,6.69,6,4,2,9,1,0
364,Sewanee Tigers,1923,1941,19,248,48,200,.194,,,0,0,0,0,0,0
365,Siena Saints,1939,2015,57,1549,855,694,.552,-2.15,-3.72,1,9,6,6,0,0
366,South Alabama Jaguars,1972,2015,44,1273,727,546,.571,0.21,-1.03,0,12,5,8,0,0
367,South Carolina Gamecocks,1909,2015,107,2544,1341,1202,.527,6.60,5.88,8,7,2,8,0,0
368,South Carolina State Bulldogs,1972,2015,44,1288,639,649,.496,-12.49,-9.94,0,8,5,5,0,0
369,South Carolina Upstate Spartans,2011,2015,5,164,83,81,.506,-3.94,-3.86,0,0,0,0,0,0
370,South Dakota Coyotes,2011,2015,5,154,67,87,.435,-7.72,-4.09,0,0,0,0,0,0
371,South Dakota State Jackrabbits,2009,2015,7,229,140,89,.611,0.56,-3.08,0,1,2,2,0,0
372,South Florida Bulls,1974,2015,42,1229,574,655,.467,2.60,3.64,0,1,1,3,0,0
373,Southeast Missouri State Redhawks,1992,2015,24,704,303,401,.430,-8.33,-4.81,0,1,1,1,0,0
374,Southeastern Louisiana Lions,1981,2015,34,967,415,552,.429,-11.02,-6.26,0,4,1,1,0,0
375,Southern California Trojans,1907,2015,109,2692,1532,1160,.569,7.22,7.01,9,7,1,16,2,0
376,Southern Illinois Salukis,1968,2015,48,1419,786,633,.554,2.98,2.61,1,9,5,10,0,0
377,Southern Illinois-Edwardsville Cougars,2011,2015,5,142,50,92,.352,-12.96,-4.75,0,0,0,0,0,0
378,Southern Jaguars,1978,2015,38,1110,587,523,.529,-10.03,-10.21,0,8,8,8,0,0
379,Southern Methodist Mustangs,1917,2015,99,2437,1256,1181,.515,2.43,2.76,2,13,1,10,1,0
380,Southern Mississippi Golden Eagles,1967,2015,44,1285,687,598,.535,3.73,3.19,1,2,0,3,0,0
Rk,School,From,To,Yrs,G,W,L,W-L%,SRS,SOS,AP,CREG,CTRN,NCAA,FF,NC
381,Southern Utah Thunderbirds,1989,2015,27,776,339,437,.437,-7.00,-3.63,0,3,3,1,0,0
382,Southwestern (KS) Moundbuilders,1905,1923,19,289,212,77,.734,,,0,0,0,,,
383,Southwestern (TX) Pirates,1915,1916,2,10,1,9,.100,,,0,0,0,,,
384,Springfield Pride,1897,1935,30,406,268,138,.660,,,0,0,0,,,
385,St. Bonaventure Bonnies,1920,2015,95,2267,1275,992,.562,-0.86,1.70,6,7,1,6,1,0
386,St. Francis (NY) Terriers,1902,2015,96,2381,1178,1203,.495,-11.61,-8.22,0,5,0,0,0,0
387,St. John's (NY) Red Storm,1908,2015,108,2796,1841,955,.658,10.06,7.23,15,14,3,28,2,0
388,St. John's College (OH),1921,1921,1,15,15,0,1.000,,,0,0,0,,,
389,St. Lawrence Saints,1902,1914,7,99,70,29,.707,,,0,0,0,,,
390,Stanford Cardinal,1914,2015,100,2559,1461,1098,.571,11.09,6.82,10,11,1,17,2,1
391,Stephen F. Austin Lumberjacks,1987,2015,29,837,459,378,.548,-6.59,-6.77,0,6,2,2,0,0
392,Stetson Hatters,1972,2015,44,1244,579,665,.465,-8.39,-4.68,0,0,0,0,0,0
393,Stevens Institute Ducks,1917,1920,4,48,37,11,.771,,,0,0,0,,,
394,Stony Brook Seawolves,2000,2015,16,485,230,255,.474,-7.61,-5.65,0,4,0,0,0,0
395,SUNY-Potsdam Bears,1910,1913,2,32,22,10,.688,,,0,0,0,,,
396,Swarthmore Garnet,1906,1919,11,133,92,41,.692,,,0,0,0,,,
397,Syracuse Orange,1899,2015,115,2775,1923,851,.693,15.65,7.34,30,11,5,37,5,1
398,Temple Owls,1895,2015,119,2868,1845,1023,.643,9.92,4.72,9,21,10,31,2,0
399,Tennessee State Tigers,1978,2015,38,1083,450,633,.416,-8.89,-4.59,0,2,2,2,0,0
400,Tennessee Tech Golden Eagles,1944,2015,61,1646,818,828,.497,-6.60,-3.78,0,7,1,2,0,0
Rk,School,From,To,Yrs,G,W,L,W-L%,SRS,SOS,AP,CREG,CTRN,NCAA,FF,NC
401,Tennessee Volunteers,1909,2015,106,2569,1567,1000,.610,10.59,7.89,11,12,4,20,0,0
402,Tennessee-Martin Skyhawks,1993,2015,23,664,238,426,.358,-11.61,-4.12,0,1,0,0,0,0
403,Texas A&M Aggies,1913,2015,103,2561,1343,1218,.524,4.72,4.30,3,11,2,12,0,0
404,Texas A&M-Corpus Christi Islanders,2003,2015,13,392,197,195,.503,-5.61,-4.24,0,4,1,1,0,0
405,Texas Christian Horned Frogs,1914,2015,102,2481,1143,1338,.461,2.97,3.09,3,11,0,7,0,0
406,Texas Longhorns,1906,2015,109,2736,1718,1018,.628,11.01,6.22,11,25,2,31,3,0
407,Texas Southern Tigers,1978,2015,38,1108,540,568,.487,-11.12,-8.74,0,9,5,5,0,0
408,Texas State Bobcats,1985,2015,31,893,388,505,.434,-9.33,-5.88,0,3,2,2,0,0
409,Texas Tech Red Raiders,1926,2015,87,2311,1279,1032,.553,5.68,5.25,4,12,5,14,0,0
410,Texas Wesleyan Rams,1948,1948,1,30,19,11,.633,,,0,0,0,0,0,0
411,Texas-Arlington Mavericks,1969,2015,47,1326,587,739,.443,-7.42,-4.75,0,2,1,1,0,0
412,Texas-El Paso Miners,1923,2015,87,2210,1281,929,.580,6.39,2.75,4,13,5,17,1,1
413,Texas-Pan American Broncs,1969,2015,47,1306,565,741,.433,-8.58,-2.36,0,5,0,0,0,0
414,Texas-San Antonio Roadrunners,1982,2015,34,990,507,483,.512,-5.95,-4.94,0,3,4,4,0,0
415,Toledo Rockets,1916,2015,100,2401,1371,1030,.571,-0.49,-0.37,2,11,1,4,0,0
416,Towson Tigers,1980,2015,36,1058,428,630,.405,-8.72,-4.55,0,4,3,2,0,0
417,Trinity (CT) Bantams,1897,1911,8,81,28,53,.346,,,0,0,0,,,
418,Trinity (TX) Tigers,1971,1973,3,70,25,45,.357,,,0,0,0,0,0,0
419,Troy Trojans,1994,2015,22,647,312,335,.482,-8.09,-5.72,0,6,1,1,0,0
420,Tulane Green Wave,1906,2015,105,2390,1183,1207,.495,2.16,2.39,1,6,0,3,0,0
Rk,School,From,To,Yrs,G,W,L,W-L%,SRS,SOS,AP,CREG,CTRN,NCAA,FF,NC
421,Tulsa Golden Hurricane,1914,2015,102,2477,1376,1101,.556,7.42,2.95,5,10,6,15,0,0
422,UCLA Bruins,1920,2015,96,2607,1803,804,.692,13.97,7.98,40,31,4,46,18,11
423,Union (NY) Dutchmen,1907,1925,19,266,162,104,.609,,,0,0,0,,,
424,Utah State Aggies,1904,2015,110,2590,1528,1062,.590,4.79,1.41,4,15,8,20,0,0
425,Utah Utes,1909,2015,107,2684,1729,955,.644,8.67,4.52,19,31,5,27,4,1
426,Utah Valley Wolverines,2010,2015,6,186,96,90,.516,-9.77,-6.96,0,3,0,0,0,0
427,Utica Pioneers,1982,1987,6,158,64,94,.405,-12.95,-7.35,0,0,0,0,0,0
428,Valparaiso Crusaders,1918,2015,80,1997,1045,952,.523,-3.62,-2.15,0,11,9,8,0,0
429,Vanderbilt Commodores,1901,2015,113,2636,1545,1091,.586,10.19,7.36,11,3,3,13,0,0
430,Vermont Catamounts,1921,2015,60,1600,816,784,.510,-6.81,-6.07,0,7,5,5,0,0
431,Villanova Wildcats,1921,2015,95,2557,1646,911,.644,12.36,7.89,18,9,3,34,4,1
432,Virginia Cavaliers,1906,2015,110,2654,1512,1141,.570,12.69,8.52,8,7,2,18,2,0
433,Virginia Commonwealth Rams,1974,2015,42,1275,820,455,.643,5.57,1.35,2,9,8,13,1,0
434,Virginia Military Institute Keydets,1909,2015,107,2308,862,1446,.373,-11.68,-4.37,1,2,3,3,0,0
435,Virginia Tech Hokies,1909,2015,107,2548,1375,1173,.540,6.23,4.75,1,2,1,8,0,0
436,Wabash Little Giants,1897,1925,29,407,301,106,.740,,,0,0,0,,,
437,Wagner Seahawks,1966,2015,43,1224,582,642,.475,-9.79,-7.50,0,1,1,1,0,0
438,Wake Forest Demon Deacons,1906,2015,109,2647,1485,1162,.561,11.19,8.26,17,4,5,22,1,0
439,Washburn Ichabods,1906,1941,35,557,270,283,.488,,,0,0,0,0,0,0
440,Washington & Jefferson Presidents,1913,1944,10,128,73,55,.570,,,0,0,0,0,0,0
Rk,School,From,To,Yrs,G,W,L,W-L%,SRS,SOS,AP,CREG,CTRN,NCAA,FF,NC
441,Washington & Lee Generals,1907,1959,51,905,472,432,.522,,,0,3,2,0,0,0
442,Washington (MO) Bears,1905,1960,52,921,433,488,.470,,,0,2,0,0,0,0
443,Washington College Shoremen,1913,1925,13,151,109,42,.722,,,0,0,0,,,
444,Washington Huskies,1896,2015,114,2848,1721,1127,.604,8.06,7.17,8,11,3,16,1,0
445,Washington State Cougars,1902,2015,114,2995,1548,1447,.517,5.78,6.19,3,2,0,6,1,0
446,Wayne State (MI) Warriors,1928,1950,5,104,47,57,.452,,,0,0,0,0,0,0
447,Weber State Wildcats,1964,2015,52,1514,955,559,.631,0.22,-1.60,1,21,9,15,0,0
448,Wesleyan (CT) Cardinals,1896,1913,13,171,97,74,.567,,,0,0,0,,,
449,West Chester Golden Rams,1899,1982,10,244,86,158,.352,-18.03,-7.63,0,1,0,0,0,0
450,West Texas A&M Buffaloes,1921,1986,54,1275,707,568,.555,-0.41,3.10,0,4,0,1,0,0
451,West Virginia Mountaineers,1904,2015,106,2722,1674,1048,.615,9.38,5.16,13,16,13,25,2,0
452,Western Carolina Catamounts,1977,2015,39,1134,505,629,.445,-8.31,-4.01,0,3,1,1,0,0
453,Western Illinois Leathernecks,1982,2015,34,976,414,562,.424,-8.34,-3.78,0,2,1,0,0,0
454,Western Kentucky Hilltoppers,1922,2015,94,2578,1712,866,.664,3.14,-0.04,11,28,19,23,1,0
455,Western Michigan Broncos,1914,2015,102,2419,1290,1129,.533,-1.28,0.10,1,10,2,4,0,0
456,Western State Mountaineers,1924,1937,14,189,88,101,.466,,,0,0,0,,,
457,Westminster (MO) Blue Jays,1920,1920,1,17,17,0,1.000,,,0,0,0,,,
458,Westminster (PA) Titans,1898,1935,21,294,210,84,.714,,,0,0,0,,,
459,Wheaton (IL) Thunder,1902,1905,4,57,39,17,.696,,,0,0,0,,,
460,Whittier Poets,1909,1915,3,42,38,3,.927,,,0,0,0,,,
Rk,School,From,To,Yrs,G,W,L,W-L%,SRS,SOS,AP,CREG,CTRN,NCAA,FF,NC
461,Wichita State Shockers,1906,2015,108,2645,1480,1165,.560,5.77,2.81,5,8,3,11,2,0
462,Widener Pride,1899,1909,5,26,20,6,.769,,,0,0,0,,,
463,William & Mary Tribe,1906,2015,110,2511,1163,1348,.463,-5.00,-1.42,0,2,0,0,0,0
464,Williams Ephs,1901,1911,10,161,136,24,.850,,,0,0,0,,,
465,Winthrop Eagles,1987,2015,29,868,449,419,.517,-8.77,-6.99,1,7,10,9,0,0
466,Wisconsin Badgers,1899,2015,117,2680,1519,1161,.567,11.86,8.62,13,17,2,20,3,1
467,Wisconsin-Stevens Point Pointers,1898,1918,21,156,98,58,.628,,,0,0,0,,,
468,Wisconsin-Superior Yellowjackets,1900,1901,2,14,10,4,.714,,,0,0,0,,,
469,Wittenberg Tigers,1931,1931,1,20,18,2,.900,,,0,0,0,,,
470,Wofford Terriers,1996,2015,20,602,285,317,.473,-7.00,-3.09,0,2,3,3,0,0
471,Wooster Fighting Scots,1901,1931,31,390,225,165,.577,,,0,0,0,,,
472,Worcester Tech Engineers,1920,1920,1,16,14,2,.875,,,0,0,0,,,
473,Wright State Raiders,1988,2015,28,834,442,392,.530,-2.04,-2.04,0,2,2,2,0,0
474,Wyoming Cowboys,1905,2015,110,2582,1469,1113,.569,4.89,3.11,4,21,2,14,1,1
475,Xavier Musketeers,1920,2015,94,2347,1386,961,.591,9.00,2.83,10,17,9,24,0,0
476,Yale Elis,1896,2015,120,2841,1401,1437,.494,-7.81,-5.76,1,12,0,3,0,0
477,Youngstown State Penguins,1948,2015,35,1002,388,614,.387,-8.28,-3.30,0,0,0,0,0,0
